asset_id,material,service_type,diameter_mm,initial_thickness_mm,install_year,environment_severity,actual_total_loss_mm,expected_loss_physics_mm,residual_loss_mm,early_slope_mm_per_month,late_slope_mm_per_month,accel_ratio,pressure_mean,pressure_std,flow_mean,flow_std,temperature_mean,temperature_std,vibration_mean,vibration_std,n_sensor_glitches,is_anomalous_label,anomaly_onset_month,wall_loss_pct,remaining_strength_factor,b31g_severity_class,rf_severity_proba,iso_max_anomaly_score,risk_score
AST-0107,Carbon Steel - Uncoated,Mixed,168,7.74,1980,0.802,2.489,1.35,1.139,0.05067,0.08761,1.729,49.922777777777775,9.22182027619001,537.2713888888889,113.9122407106899,24.26527777777777,3.684754293891142,1.3753055555555556,0.2911625779962061,3,True,16,32.75,0.8943,Monitor,0.8959645692174102,0.5773198532121772,63.3
AST-0060,Carbon Steel - Uncoated,Sour/Wet,273,6.32,1976,0.427,5.757,1.95,3.807,0.23983,0.08,0.334,55.97638888888889,2.7756370211207138,473.9713888888889,73.5651945712209,53.17555555555556,3.8342594326447705,3.1509166666666664,0.281047263437512,1,True,8,92.09,0.0,Critical,0.38242561803731706,0.4797788604388054,62.5
AST-0074,Carbon Steel - Uncoated,Mixed,168,6.44,1985,0.716,3.554,1.35,2.204,0.07411,0.12333,1.664,84.66444444444443,2.443192810874965,452.8425,69.50674612171521,48.68138888888889,3.63163100137648,1.8633333333333335,0.2024219073406546,1,True,11,55.99,0.7593,Monitor,0.8913620329508781,0.4628153794136186,62.4
AST-0104,Low Alloy Steel,Sweet/Dry,219,11.08,2014,0.881,1.649,0.6,1.049,0.0365,0.05511,1.51,74.20166666666667,3.1292495677307146,727.1219444444445,109.38626609587158,38.40388888888888,3.6825148842897946,3.2176666666666662,0.229445542869887,1,True,9,15.09,0.9903,Safe,0.8860910316429337,0.5141358102467076,56.4
AST-0106,Carbon Steel - Coated,Sour/Wet,324,9.27,2000,0.583,2.046,0.78,1.266,0.04806,0.06561,1.365,85.30555555555554,9.556434614419883,599.4936111111112,90.27385905922291,59.18083333333334,3.91166634203744,2.69925,0.9256154516243312,2,True,9,22.19,0.93,Safe,0.8115084635445917,0.5458590158374101,56.0
AST-0111,Carbon Steel - Uncoated,Sweet/Dry,406,9.35,2000,0.995,2.337,0.9,1.437,0.05161,0.07822,1.516,59.890833333333326,14.003518817986938,407.2661111111111,17.51126629634725,17.76222222222222,3.741242811924639,1.6111111111111112,0.8458992435028716,1,True,11,25.36,0.9566,Safe,0.853031276636067,0.5100529592141272,55.6
AST-0139,Carbon Steel - Coated,Sour/Wet,508,8.24,1999,0.424,1.233,0.78,0.453,0.0135,0.055,4.074,75.66833333333334,9.735360731448452,440.2344444444444,70.00914187016451,52.445,3.823381823913036,1.4811111111111113,0.7266285660610055,2,True,18,15.28,0.9775,Safe,0.8404429507317636,0.536370566397968,55.5
AST-0134,Carbon Steel - Uncoated,Sweet/Dry,508,9.95,1994,0.415,4.176,0.9,3.276,0.08961,0.14239,1.589,67.22083333333336,2.863698283189564,245.44416666666672,17.310635768633272,34.228333333333325,3.5112053282516618,2.632222222222223,0.3153058479917202,0,True,10,42.24,0.9304,Safe,0.8923827626657203,0.4157451976979917,54.3
AST-0004,Carbon Steel - Coated,Sour/Wet,168,9.07,2016,0.735,2.135,0.78,1.355,0.02117,0.09744,4.604,49.31138888888889,3.052099186534482,655.895,17.105431134166544,59.51833333333335,3.567285883052909,3.090194444444444,0.2691722570553176,0,True,18,23.73,0.9764,Safe,0.9389301886652422,0.390667120823579,54.0
AST-0067,Carbon Steel - Coated,Sweet/Dry,324,7.24,2017,0.817,1.963,0.36,1.603,0.03533,0.07372,2.086,47.44416666666668,3.0018616842600485,494.8633333333333,17.19729596684981,35.7363888888889,3.417030584567984,2.2220555555555555,0.2965967868474875,0,True,13,27.57,0.9784,Safe,0.9227945841218523,0.4042128985411987,53.7
AST-0051,Carbon Steel - Uncoated,Sour/Wet,324,12.41,1995,0.431,4.424,1.95,2.474,0.04856,0.19722,4.062,55.219166666666666,2.7155198134322007,263.2122222222223,19.54460964944571,45.86111111111111,3.6862910339935975,1.4416666666666669,0.1741747890564451,0,True,24,36.23,0.9478,Safe,0.884231010558493,0.4127363865170138,53.1
AST-0108,Carbon Steel - Uncoated,Sweet/Dry,406,10.71,2011,0.795,1.603,0.9,0.703,0.01772,0.07133,4.025,85.11722222222222,3.043133358057222,651.6933333333333,18.5502600674877,28.92388888888889,3.68442845172396,1.822222222222222,0.1996929229894326,0,True,20,15.14,0.9805,Safe,0.9142811465298221,0.3804992638963514,52.1
AST-0114,Carbon Steel - Coated,Sweet/Dry,508,10.58,1997,0.907,1.528,0.36,1.168,0.0155,0.06939,4.477,67.17388888888888,2.723776032095128,541.1086111111113,15.356795825167204,46.94555555555556,3.735872775781504,1.8491111111111111,0.2169418325961102,0,True,22,14.67,0.9855,Safe,0.9120862410504367,0.3824377053525774,51.9
AST-0132,Low Alloy Steel,Sweet/Dry,273,8.52,2014,0.098,1.663,0.6,1.063,0.01406,0.07833,5.573,75.93277777777777,2.575278748974688,246.19222222222217,16.534203702128874,21.176944444444448,3.599329159277517,1.7874166666666669,0.235662031004451,0,True,23,19.81,0.9352,Safe,0.8914565595330824,0.3627054047514804,51.6
AST-0057,Carbon Steel - Uncoated,Sweet/Dry,508,12.18,1985,0.861,2.32,0.9,1.42,0.03283,0.09606,2.926,85.63805555555555,9.789724589572604,446.8088888888889,19.056664192841573,42.016666666666666,3.921464740920886,2.9218333333333337,0.5399144641250396,1,True,24,19.27,0.9674,Safe,0.7941837086713751,0.4319843077359474,48.5
AST-0146,Carbon Steel - Uncoated,Mixed,273,12.85,2002,0.515,1.585,1.35,0.235,0.02339,0.06467,2.765,79.39666666666668,2.8309019259391017,248.5230555555556,17.650165490028606,41.520833333333336,3.7145369832591513,2.342194444444444,0.2542046216781663,0,True,15,12.36,0.9883,Safe,0.8005599390416365,0.4259202431103854,47.8
AST-0055,Carbon Steel - Coated,Sweet/Dry,324,12.41,1988,0.86,0.86,0.36,0.5,0.01228,0.0355,2.891,67.20166666666668,2.52200883650882,544.2161111111112,78.09799713099572,16.172222222222228,3.9146473011068954,0.7299722222222222,0.1027567129850505,1,True,24,7.07,0.9927,Safe,0.7435932958807606,0.4938554398917772,47.7
AST-0101,Low Alloy Steel,Sour/Wet,324,8.44,1990,0.279,1.447,1.35,0.097,0.02739,0.053,1.935,52.7975,2.3815761587654505,670.6569444444444,16.42539528890631,26.49277777777777,3.7165080470102665,1.64425,0.1168081149333628,0,True,21,17.37,0.9455,Safe,0.8007390102299988,0.3893771467014787,47.6
AST-0089,Carbon Steel - Uncoated,Sweet/Dry,324,8.41,2006,0.764,1.104,0.9,0.204,0.01839,0.04294,2.335,57.29333333333333,2.5198072488642,675.1569444444444,19.870413011660528,23.851388888888888,3.930390131691966,2.9018333333333337,0.1102891006141844,0,True,18,13.4,0.9731,Safe,0.8012598782874621,0.3726798568161719,45.9
AST-0066,Carbon Steel - Coated,Sour/Wet,406,12.81,1996,0.732,2.212,0.78,1.432,0.05211,0.07078,1.358,85.31666666666666,2.6919233697435416,490.4616666666668,17.461499608321976,31.86361111111111,3.719424035886492,1.4309166666666664,0.1308915308839454,0,True,11,17.45,0.9869,Safe,0.8145493483056759,0.3435829427373924,44.8
AST-0002,Carbon Steel - Uncoated,Mixed,508,13.49,1990,0.773,1.112,1.35,-0.238,0.01633,0.04544,2.782,62.63722222222222,2.8319217211852155,373.8372222222222,19.505373415125693,50.653333333333336,3.7948385999934175,2.9313333333333333,0.1414579190329861,0,True,18,8.32,0.9964,Safe,0.7462791133773421,0.3658650426616824,41.8
AST-0103,Carbon Steel - Uncoated,Sweet/Dry,219,10.89,1993,0.198,0.779,0.9,-0.121,0.00756,0.03572,4.728,45.25194444444445,2.7632763363643367,709.1305555555556,105.72848679368556,38.025000000000006,4.032073199448924,1.4455833333333332,0.2015448018254431,1,True,22,7.21,0.9878,Safe,0.5979006787337792,0.5112743318014735,40.9
AST-0120,Carbon Steel - Coated,Sweet/Dry,406,12.3,2014,0.958,0.618,0.36,0.258,0.00667,0.02767,4.15,71.13,9.828823501750932,571.6697222222222,92.09506229934716,45.52,3.4812518273911595,0.8146666666666667,0.3274150707762679,2,True,27,5.22,0.9945,Safe,0.5848040734284844,0.5144218189664354,40.1
AST-0115,Carbon Steel - Uncoated,Mixed,610,10.53,1997,0.798,1.326,1.35,-0.024,0.03106,0.04261,1.372,74.56944444444444,2.777461270857096,271.4222222222222,16.68483676209563,24.948611111111116,3.563293943833252,2.098055555555556,0.1230484096244689,0,True,9,12.69,0.9925,Safe,0.6289163594924927,0.4326069165167825,38.7
AST-0135,Carbon Steel - Coated,Sour/Wet,219,6.93,1993,0.108,0.744,0.78,-0.036,0.0095,0.03183,3.351,74.72305555555555,10.23931661208597,542.0811111111111,14.537772432583592,26.11305555555556,3.6809896335822088,1.605722222222222,0.4830494568652135,1,True,23,11.2,0.9909,Safe,0.5253775487894692,0.4294332779457036,33.1
AST-0088,Carbon Steel - Uncoated,Sour/Wet,406,13.57,1990,0.961,2.784,1.95,0.834,0.0785,0.07617,0.97,66.70916666666668,14.194907210485235,722.218611111111,16.147566495610373,50.63694444444444,3.594788942300025,1.9713611111111116,0.8322792166361265,1,False,-1,21.09,0.877,Monitor,0.3558911802879785,0.5214849089257376,32.3
AST-0016,Carbon Steel - Uncoated,Sweet/Dry,406,11.1,1991,0.747,1.215,0.9,0.315,0.03072,0.03678,1.197,71.89,9.992950944111982,402.7361111111111,17.62865966508236,53.5111111111111,3.556441863739477,2.7521944444444446,0.460980186710538,1,False,-1,11.13,0.9558,Safe,0.40268159165879874,0.525627287659466,32.2
AST-0050,Carbon Steel - Uncoated,Sweet/Dry,508,10.85,1993,0.078,1.008,0.9,0.108,0.02406,0.03194,1.328,48.77166666666666,12.213940162196405,321.6633333333333,15.139749762038432,48.82111111111112,3.732951170916175,2.3667777777777776,0.7214567054077309,1,True,10,9.37,0.9832,Safe,0.47007586549827474,0.4643212075056303,32.0
AST-0005,Carbon Steel - Uncoated,Sweet/Dry,508,11.84,1978,0.965,1.48,0.9,0.58,0.04,0.04222,1.056,80.38027777777778,17.98346025596236,240.80888888888887,20.007762604660336,41.42833333333333,3.5749385609106232,2.638,0.9215404804689032,1,False,-1,12.66,0.9259,Safe,0.34290338477115784,0.5444640324962065,30.9
AST-0061,Carbon Steel - Coated,Sour/Wet,219,7.61,2002,0.311,0.768,0.78,-0.012,0.01294,0.02972,2.296,54.97472222222223,3.0195434717483,649.1863888888888,17.68579287011031,17.952222222222225,3.605975288015404,2.480555555555556,0.2987525918065166,0,True,14,10.33,0.9589,Safe,0.475254698632318,0.4041054311823742,30.3
AST-0083,Carbon Steel - Coated,Mixed,610,9.67,2009,0.067,0.854,0.54,0.314,0.02083,0.02661,1.277,78.01222222222222,15.754524449659556,782.9988888888888,14.335399098092369,29.322777777777773,3.944619200242355,3.136805555555555,0.747747658713226,1,True,10,9.0,0.9912,Safe,0.3686416064143794,0.525546443845411,29.1
AST-0072,Carbon Steel - Uncoated,Sweet/Dry,406,13.84,1978,0.596,0.948,0.9,0.048,0.02217,0.0305,1.376,59.64,2.751451564953618,779.3788888888889,19.11927386214949,24.464722222222218,3.3907230464574627,1.2189444444444444,0.2094471558916738,0,True,9,6.85,0.9863,Safe,0.4675432001344363,0.4056864885788162,29.0
AST-0039,Carbon Steel - Uncoated,Sour/Wet,508,13.18,2002,0.785,2.198,1.95,0.248,0.063,0.05911,0.938,68.44194444444445,21.187755873811977,375.9711111111111,62.051387495838725,18.386666666666667,3.7427049042103215,1.3022777777777776,0.5601532245025774,4,False,-1,17.1,0.8955,Monitor,0.27384118887982345,0.5161442750909313,27.0
AST-0073,Low Alloy Steel,Sour/Wet,406,10.89,1986,0.998,1.495,1.35,0.145,0.04294,0.04011,0.934,81.76194444444444,14.938536898991805,626.6227777777777,92.07858279321177,48.85944444444445,4.064757201987729,3.120638888888889,1.254808992926875,2,False,-1,14.16,0.9179,Safe,0.22529591886733427,0.5854327972545332,26.8
AST-0022,Carbon Steel - Uncoated,Sour/Wet,324,12.6,1983,0.515,1.538,1.95,-0.412,0.04556,0.03989,0.876,86.93361111111112,14.518007764305832,631.8402777777778,16.526181909081824,56.87277777777777,3.729787133804296,3.069527777777777,1.4183615595087395,1,False,-1,12.71,0.9315,Safe,0.17898846364416818,0.5789360381801487,23.5
AST-0150,Carbon Steel - Uncoated,Sour/Wet,219,6.96,2001,0.849,1.879,1.95,-0.071,0.05272,0.05167,0.98,43.07611111111111,2.3717085797588173,754.9,14.949382022583505,25.04388888888889,3.773738031469425,1.83875,0.0432932690248396,0,False,-1,28.07,0.7994,Monitor,0.2427325382581789,0.4022348447910057,23.4
AST-0021,Carbon Steel - Coated,Sweet/Dry,324,9.63,2004,0.788,0.173,0.36,-0.187,0.00178,0.00783,4.406,59.931666666666665,2.1286004791881448,283.8494444444444,48.85749557609613,32.8138888888889,3.762757558552563,1.4154722222222222,0.0581949856019086,1,False,-1,2.12,0.986,Safe,0.2736596867700088,0.463951940329169,21.3
AST-0015,Carbon Steel - Uncoated,Sour/Wet,406,12.8,2007,0.324,1.803,1.95,-0.147,0.05261,0.04756,0.904,83.75500000000001,10.198188774763596,666.4038888888889,103.1131459896022,20.664166666666663,3.812753317111252,0.8770833333333334,0.1953365410918149,2,False,-1,14.47,0.9151,Safe,0.17406074206025088,0.5151350137853956,20.9
AST-0099,Carbon Steel - Uncoated,Sweet/Dry,168,7.07,2004,0.671,1.308,0.9,0.408,0.03744,0.03522,0.941,54.10583333333333,2.5296633034005587,237.5808333333333,17.82614426301196,29.33361111111111,3.786691848926997,2.0611944444444448,0.0476887644416192,0,False,-1,18.93,0.8684,Monitor,0.2908405569861024,0.3337235740974473,20.3
AST-0019,Carbon Steel - Coated,Sweet/Dry,168,11.49,1989,0.168,0.34,0.36,-0.02,0.00517,0.01372,2.656,47.93722222222223,2.7795247395513103,760.5241666666666,18.4096366651506,26.33138888888889,3.7061694917511936,2.329833333333333,0.1801230531767499,0,True,13,2.94,0.9937,Safe,0.3306897496570091,0.3591249244701673,19.3
AST-0020,Carbon Steel - Coated,Mixed,168,6.1,1975,0.089,0.2,0.54,-0.34,0.00283,0.00828,2.922,58.00527777777778,7.247520752884539,597.1552777777779,18.76220570129689,39.98444444444445,3.748920945281223,0.7896388888888888,0.1881533041777791,1,False,-1,3.07,0.9788,Safe,0.2172458250575459,0.4747027672699637,19.1
AST-0043,Carbon Steel - Coated,Sweet/Dry,508,12.21,2011,0.097,0.081,0.36,-0.279,-0.0005,0.005,5000.0,66.35166666666666,2.6412448363819445,704.161111111111,103.94835106993632,55.95583333333334,3.8126101857613808,1.8103333333333331,0.05455063178893,1,False,-1,0.59,0.9973,Safe,0.2593188011266412,0.4247742587070329,18.4
AST-0084,Carbon Steel - Uncoated,Sour/Wet,610,12.27,2007,0.481,1.702,1.95,-0.248,0.0495,0.04506,0.91,51.58722222222221,13.603490226747189,616.7230555555556,18.96376602432641,49.02972222222222,3.920360396050423,1.9569444444444448,0.5424570526486442,1,False,-1,14.14,0.9617,Safe,0.20662986912024203,0.4597900401721581,18.4
AST-0140,Carbon Steel - Uncoated,Sweet/Dry,610,8.67,1975,0.446,0.318,0.9,-0.582,0.00661,0.01106,1.672,85.24944444444446,10.813675718259844,547.6552777777779,85.05391149101042,41.92972222222222,3.754681258003981,1.962388888888889,0.8373446219287587,2,False,-1,3.73,0.9893,Safe,0.15860322685381034,0.5341876410026929,18.3
AST-0030,Carbon Steel - Coated,Sour/Wet,273,13.98,2010,0.812,1.018,0.78,0.238,0.02878,0.02778,0.965,54.26305555555555,7.9131441536740255,795.3311111111111,15.558101385778382,16.994444444444444,3.459560206933365,2.9208333333333334,1.0857301558990482,1,False,-1,7.55,0.9606,Safe,0.1692238162959755,0.5010425187588771,18.3
AST-0037,Carbon Steel - Uncoated,Sweet/Dry,219,11.2,2009,0.692,1.129,0.9,0.229,0.03078,0.03194,1.038,81.795,2.6741690298109426,235.21277777777777,50.264778046495856,48.53833333333333,3.439467982115838,2.9862777777777776,0.0488493960255753,2,False,-1,10.43,0.9322,Safe,0.3022242277993409,0.3202347520857485,18.1
AST-0018,Carbon Steel - Uncoated,Mixed,219,10.71,2002,0.379,0.328,1.35,-1.022,0.00756,0.01067,1.412,82.13722222222223,21.10757692138213,620.24,18.566716457144487,45.24111111111111,4.012545880665347,2.7911944444444443,0.9753935123673182,1,False,-1,3.19,0.9853,Safe,0.10559969857831215,0.5830521028382973,17.9
AST-0092,Carbon Steel - Coated,Sour/Wet,508,11.19,1989,0.902,0.9,0.78,0.12,0.02694,0.02306,0.856,84.66611111111109,15.854978898535812,206.52611111111116,37.885272244183135,38.53305555555555,3.582780898722941,2.925388888888888,1.0508140321478057,3,False,-1,8.32,0.9468,Safe,0.07163518390762223,0.5820151287540397,17.4
AST-0096,Carbon Steel - Coated,Mixed,219,9.23,1995,0.553,0.236,0.54,-0.304,0.00544,0.00767,1.408,77.9438888888889,6.545316876658686,537.4944444444445,76.24494866432397,20.040277777777774,3.542503139315969,2.9586944444444447,0.9205196612921404,2,False,-1,2.7,0.9844,Safe,0.11178293158369303,0.5535077951049994,16.9
AST-0038,Carbon Steel - Uncoated,Sweet/Dry,273,6.72,2017,0.728,0.362,0.9,-0.538,0.00867,0.01144,1.321,81.63361111111112,2.262805026355914,574.1525,94.87447786794024,50.63055555555556,3.3691210760963792,2.2965555555555555,0.0496659955211924,1,False,-1,5.64,0.9612,Safe,0.20995760037951988,0.4209127208982963,16.8
AST-0090,Carbon Steel - Coated,Sweet/Dry,508,10.62,1998,0.564,0.368,0.36,0.008,0.01039,0.01006,0.968,82.8261111111111,17.8765260731621,728.7905555555557,117.74856611670346,33.91972222222222,3.87998710315317,1.7052222222222222,0.5692552082005855,2,False,-1,3.52,0.9799,Safe,0.030923936587733618,0.6431789847598632,16.8
AST-0148,Carbon Steel - Coated,Mixed,273,7.23,2017,0.46,0.272,0.54,-0.268,0.00733,0.00778,1.061,90.60972222222222,23.40934495771307,321.5558333333334,16.95728522325603,38.29111111111112,4.05190733061271,2.0932500000000003,0.9267727530059812,2,False,-1,3.78,0.9736,Safe,0.038224190718936096,0.6229807062815967,16.5
AST-0079,Carbon Steel - Coated,Sour/Wet,324,7.39,1998,0.178,0.557,0.78,-0.223,0.01456,0.01639,1.126,49.85916666666665,6.066730526874776,756.1677777777777,123.03369431898638,53.94638888888889,3.555465935130446,3.1037777777777777,0.7931985559784821,2,False,-1,7.71,0.9654,Safe,0.0668963441330153,0.5692616279172263,15.9
AST-0035,Carbon Steel - Uncoated,Sour/Wet,219,13.99,1983,0.096,1.643,1.95,-0.307,0.04694,0.04433,0.944,45.52083333333333,2.595180560742767,204.4672222222222,19.69182493336637,48.31444444444444,3.640253087311725,2.962527777777778,0.050969731135876,0,False,-1,12.26,0.9247,Safe,0.2409125245733269,0.3387123499830866,15.9
AST-0097,Carbon Steel - Uncoated,Sour/Wet,508,9.79,1997,0.755,1.478,1.95,-0.472,0.041,0.04111,1.003,43.65138888888888,2.599648495775401,303.9425,19.661629401305625,55.31833333333333,3.7310301143632856,1.2816111111111113,0.0462343581443051,0,False,-1,15.6,0.904,Safe,0.21288416126369192,0.3420794570672653,15.3
AST-0124,Carbon Steel - Uncoated,Sour/Wet,168,8.89,1982,0.962,1.562,1.95,-0.388,0.04433,0.04244,0.957,46.25111111111111,2.651291628921137,548.7905555555554,14.859394324215891,21.307222222222222,3.5437418570215224,0.7595277777777778,0.0448906519770055,0,False,-1,18.12,0.8801,Monitor,0.21120824179468103,0.3206265535183776,15.0
AST-0110,Low Alloy Steel,Sour/Wet,324,6.29,1989,0.502,1.455,1.35,0.105,0.04378,0.03706,0.846,57.10694444444445,2.5899198216430723,758.8188888888888,17.079027369057517,18.466388888888886,3.982877748403805,1.161472222222222,0.0441306411925262,0,False,-1,23.93,0.8317,Monitor,0.17223482569553292,0.3202342781025728,14.6
AST-0013,Carbon Steel - Coated,Sweet/Dry,508,13.61,1981,0.971,0.605,0.36,0.245,0.01778,0.01583,0.891,46.41444444444444,2.4990220309375246,713.5905555555556,105.7573695357024,22.76888888888889,3.826130292589761,0.8528055555555556,0.0407064890891889,1,False,-1,4.53,0.9863,Safe,0.11546641066177658,0.4868151972585711,13.9
AST-0017,Carbon Steel - Coated,Mixed,219,6.98,2014,0.762,0.107,0.54,-0.433,0.00039,0.00556,14.286,56.94472222222223,10.713674702683514,508.1997222222223,15.234717210767768,52.5863888888889,3.417069883292056,1.1141944444444445,0.5398317631815328,2,False,-1,1.36,0.9906,Safe,0.23329143906016558,0.3506294850734109,13.8
AST-0119,Carbon Steel - Uncoated,Sweet/Dry,219,8.53,2017,0.67,0.253,0.9,-0.647,0.01022,0.00383,0.375,84.10138888888889,2.3325267143198736,715.0122222222222,102.34164755119036,59.76472222222223,4.02997234028871,2.060888888888889,0.0486543363375192,1,False,-1,3.04,0.9795,Safe,0.10200925590981569,0.4935190343491202,13.7
AST-0056,Carbon Steel - Coated,Sweet/Dry,324,13.42,1982,0.381,0.471,0.36,0.111,0.014,0.01217,0.869,45.1525,9.005558719876456,502.54333333333335,78.55268848722766,32.04777777777778,3.5278144680006798,0.9628888888888888,0.5081672827933605,3,False,-1,3.73,0.9779,Safe,0.0573110329833736,0.5410233076987461,13.6
AST-0054,Carbon Steel - Coated,Sweet/Dry,508,6.46,1981,0.276,0.086,0.36,-0.274,0.00228,0.0025,1.098,60.5661111111111,2.7643601975117678,774.3083333333334,114.872454972585,53.40194444444445,3.4538143050789887,1.2440833333333334,0.0463522999891668,1,False,-1,1.21,0.9924,Safe,0.09035986087923983,0.5117829074889821,13.5
AST-0049,Carbon Steel - Coated,Sweet/Dry,610,6.41,1976,0.693,0.458,0.36,0.098,0.01078,0.01467,1.361,60.90555555555555,2.8415794847679274,663.4647222222222,15.27602743537564,29.62861111111111,3.7027728241551072,1.98225,0.0413758901501137,0,False,-1,7.36,0.9589,Safe,0.21281494598221595,0.337106350947619,13.1
AST-0102,Carbon Steel - Coated,Mixed,406,9.42,1996,0.356,0.185,0.54,-0.355,0.00306,0.00722,2.364,81.96138888888889,2.540199264149824,633.4225000000001,19.03120015358238,32.196666666666665,3.638130603168925,2.014805555555556,0.0421404586350013,0,False,-1,2.29,0.9858,Safe,0.2027520616842045,0.3688285399809892,13.1
AST-0008,Carbon Steel - Coated,Sour/Wet,324,12.24,2008,0.158,0.605,0.78,-0.175,0.01506,0.01856,1.232,42.47805555555556,10.528222430196015,778.1533333333333,16.32704784792926,51.84222222222222,3.518659737628284,2.435888888888889,0.6090236109792121,1,False,-1,4.97,0.9798,Safe,0.10588869697172987,0.4675049562905093,12.7
AST-0010,Carbon Steel - Uncoated,Sour/Wet,610,9.01,1988,0.468,1.485,1.95,-0.465,0.04328,0.03922,0.906,61.84333333333333,2.6720671505676745,263.3002777777777,18.276224912806587,21.952222222222225,3.484291369734504,2.6513611111111115,0.0555266488288167,0,False,-1,17.01,0.9059,Safe,0.17613425879945177,0.3291933486550696,12.7
AST-0068,Carbon Steel - Uncoated,Sweet/Dry,610,11.88,2000,0.999,0.489,0.9,-0.411,0.01228,0.01489,1.213,42.05499999999999,2.6514184882813194,636.4722222222222,98.28613784284887,55.68222222222222,3.6981053922330944,2.9594444444444443,0.0520139785851262,1,False,-1,4.31,0.9745,Safe,0.05254955675802555,0.5221536062965676,12.6
AST-0023,Low Alloy Steel,Sweet/Dry,219,8.36,2007,0.986,1.039,0.6,0.439,0.03111,0.02661,0.855,56.95527777777777,2.918941575406216,801.9219444444444,18.327490642583022,28.72972222222222,3.7851533172278025,0.6577777777777779,0.0523117638291869,0,False,-1,12.78,0.9092,Safe,0.161757993559048,0.3425213140670803,12.4
AST-0125,Carbon Steel - Uncoated,Sour/Wet,508,10.1,1975,0.148,1.319,1.95,-0.631,0.04078,0.0325,0.797,84.78222222222223,2.85459340223148,230.43055555555557,20.75376990806309,54.19388888888889,3.5034124407723866,1.068277777777778,0.0546205670897542,0,False,-1,13.59,0.9143,Safe,0.17673195338929842,0.3285575393611158,12.4
AST-0014,Carbon Steel - Coated,Sweet/Dry,273,6.95,2005,0.985,0.569,0.36,0.209,0.01783,0.01378,0.773,50.66305555555556,8.008312045955554,278.4952777777778,19.39095908423173,25.736388888888893,3.9860063456173256,0.695861111111111,0.1030090572377782,1,False,-1,8.58,0.9398,Safe,0.10815558885588909,0.4183566277716094,12.0
AST-0048,Carbon Steel - Uncoated,Mixed,324,6.04,2007,0.539,1.07,1.35,-0.28,0.02928,0.03017,1.03,45.25277777777777,2.7182763562975616,706.2458333333333,18.97401145552215,47.070277777777775,4.093838915186096,0.8521388888888887,0.0446933378082734,0,False,-1,17.95,0.8843,Monitor,0.12458437575022732,0.3476875608231899,11.5
AST-0028,Carbon Steel - Uncoated,Mixed,273,12.25,1982,0.131,0.763,1.35,-0.587,0.021,0.02139,1.019,61.35111111111111,12.615537988138229,387.2152777777778,16.286342654613783,46.417777777777786,3.8237439477268578,2.684527777777778,0.7494276477461645,1,False,-1,6.27,0.9631,Safe,0.01999197931092924,0.518591341677106,11.1
AST-0069,Carbon Steel - Uncoated,Mixed,610,7.54,2006,0.332,0.677,1.35,-0.673,0.01972,0.01789,0.907,75.61722222222221,16.303399577320604,295.38388888888886,17.46652541745868,24.47833333333333,4.047001359031153,2.7916944444444445,0.5494179683703965,1,False,-1,9.18,0.9402,Safe,0.015284828314824821,0.5026133958962322,10.9
AST-0137,Low Alloy Steel,Sweet/Dry,508,12.74,1981,0.247,0.417,0.6,-0.183,0.01178,0.01139,0.967,54.3325,7.479310653873314,484.1388888888889,14.74451235017437,36.45888888888889,3.801178597508768,1.618277777777778,0.557398016866179,1,False,-1,3.37,0.9817,Safe,0.025300302201122022,0.5164058584812249,10.6
AST-0047,Carbon Steel - Uncoated,Sour/Wet,324,6.29,2010,0.054,0.482,1.95,-1.468,0.01383,0.01294,0.936,79.42722222222224,2.2414951784290404,544.6394444444445,85.00685316724073,21.34472222222222,3.6706624439980553,2.089305555555556,0.0426687034484088,1,False,-1,7.92,0.9538,Safe,0.07623737405214324,0.4268353173397707,10.1
AST-0045,Carbon Steel - Coated,Sweet/Dry,508,13.29,1989,0.641,0.174,0.36,-0.186,0.00461,0.00506,1.096,82.24777777777778,2.220336024905253,659.0652777777777,95.3207242789494,53.08027777777777,3.745382289174697,2.109888888888889,0.0483940833324416,1,False,-1,1.5,0.9947,Safe,0.09328431769188388,0.4317285245802379,9.9
AST-0142,Carbon Steel - Uncoated,Sweet/Dry,508,8.51,1986,0.156,0.525,0.9,-0.375,0.01589,0.01328,0.836,75.4072222222222,2.319262950792909,659.3519444444445,91.64014737219068,39.28694444444445,3.6634026489390954,1.2091944444444445,0.0410489738479325,1,False,-1,6.49,0.9614,Safe,0.07458266342857162,0.4269873638339395,9.8
AST-0095,Carbon Steel - Uncoated,Sour/Wet,168,10.07,1989,0.914,1.064,1.95,-0.886,0.02939,0.02972,1.011,74.03166666666667,2.6502188588869413,433.9841666666666,88.51887225332233,30.514444444444443,3.759537543326644,1.1111944444444444,0.0404466628992125,2,False,-1,10.74,0.9279,Safe,0.04069800866864876,0.440393298901045,9.8
AST-0116,Low Alloy Steel,Sweet/Dry,508,11.62,1979,0.226,0.356,0.6,-0.244,0.00989,0.00989,1.0,51.78694444444445,2.787184774688246,300.9783333333333,20.26784384895725,57.83972222222222,3.340253614076213,2.746916666666666,0.053667960646926,0,False,-1,3.28,0.9881,Safe,0.14223683524557235,0.3626622840224047,9.5
AST-0129,Carbon Steel - Uncoated,Mixed,324,10.03,1986,0.482,0.875,1.35,-0.475,0.02428,0.02433,1.002,67.42888888888889,2.189272257137749,765.888611111111,19.666104727645735,29.74388888888889,3.411090548513588,1.5037777777777777,0.0494975388196862,0,False,-1,8.78,0.9399,Safe,0.12778876295164676,0.3397458457098158,9.4
AST-0094,Carbon Steel - Uncoated,Sour/Wet,610,7.19,2011,0.359,1.185,1.95,-0.765,0.03511,0.03072,0.875,71.72999999999998,2.686618692706502,241.32888888888888,17.497660052178045,35.13472222222222,3.394479961105856,1.0842222222222224,0.0622809813259283,0,False,-1,16.82,0.9268,Safe,0.1254757138291974,0.3316723302401758,9.3
AST-0112,Carbon Steel - Uncoated,Mixed,324,9.79,1996,0.691,0.845,1.35,-0.505,0.02278,0.02417,1.061,65.5725,2.626240523203137,662.7966666666666,103.29081986590786,49.67555555555555,3.623125284253475,1.0875,0.0675169819907766,1,False,-1,8.87,0.9426,Safe,0.0414153819122499,0.4408994841555285,9.3
AST-0098,Carbon Steel - Uncoated,Sweet/Dry,406,6.95,2008,0.611,0.291,0.9,-0.609,0.00911,0.00706,0.774,55.23027777777778,3.0673576214353906,633.0386111111111,95.4095462774717,30.77555555555556,3.463036194228943,2.0419722222222223,0.0419594948295282,1,False,-1,4.13,0.9826,Safe,0.05867554135889812,0.4433170921473999,9.0
AST-0123,Carbon Steel - Uncoated,Sweet/Dry,508,11.01,1991,0.084,0.752,0.9,-0.148,0.01972,0.02206,1.118,70.36027777777777,9.176381324157644,224.16277777777776,35.75509407152346,48.650277777777774,3.7718532664317768,1.9456111111111112,0.3749308719352925,2,False,-1,6.88,0.9751,Safe,0.054574175004730066,0.4411463646719625,8.9
AST-0033,Carbon Steel - Uncoated,Sour/Wet,324,12.7,2016,0.085,0.971,1.95,-0.979,0.02733,0.02661,0.974,89.22027777777778,2.375946711897762,537.9669444444445,17.500386088711533,18.689722222222223,3.6062528919412906,0.7556944444444444,0.0554909616550013,0,False,-1,7.8,0.9623,Safe,0.10123675274872217,0.3783881213800452,8.9
AST-0105,Carbon Steel - Coated,Sweet/Dry,168,9.29,1988,0.319,0.183,0.36,-0.177,0.00622,0.00394,0.634,77.13194444444444,2.1542805487075443,791.3283333333334,18.92581736298709,59.35722222222223,3.507007361686119,1.7221944444444444,0.044975434211797,0,False,-1,2.09,0.9864,Safe,0.15554478395660995,0.3308778450045833,8.8
AST-0046,Carbon Steel - Coated,Sweet/Dry,273,11.25,1978,0.865,0.305,0.36,-0.055,0.00861,0.00833,0.968,65.17444444444445,2.6486119755119657,264.59083333333336,45.55813544253102,34.07388888888889,3.358746601063964,1.88275,0.0386651374902877,1,False,-1,2.84,0.9807,Safe,0.11563811441004253,0.3669524164199652,8.5
AST-0052,Carbon Steel - Uncoated,Mixed,406,7.91,1995,0.901,0.505,1.35,-0.845,0.01211,0.01594,1.317,68.02833333333334,2.659135734997907,273.35916666666674,17.78663260107754,44.53444444444445,3.83493523465107,2.5925,0.0472540247718948,0,False,-1,6.35,0.9592,Safe,0.1324799934246911,0.3283168365041888,8.4
AST-0029,Carbon Steel - Uncoated,Mixed,324,6.88,1992,0.578,0.683,1.35,-0.667,0.01656,0.02139,1.292,41.48333333333333,2.7140102115820097,229.2211111111111,18.149243790272088,26.546388888888888,3.839360179418127,0.7541944444444444,0.0471270740775524,0,False,-1,10.13,0.9385,Safe,0.1235286575311761,0.3212007983989616,8.3
AST-0121,Carbon Steel - Coated,Sweet/Dry,168,10.39,2002,0.537,0.381,0.36,0.021,0.01439,0.00678,0.471,51.14111111111112,2.724310426802956,795.6727777777778,15.247474097344986,50.33861111111111,3.3360217135108505,2.671666666666667,0.0468120863514052,0,False,-1,3.9,0.9736,Safe,0.13980167824163217,0.3286423029478969,8.3
AST-0003,Low Alloy Steel,Sweet/Dry,508,9.5,1996,0.908,0.305,0.6,-0.295,0.00867,0.00828,0.955,72.95138888888889,15.599892518453506,465.3494444444444,18.55726826332005,34.70861111111111,3.594859943846633,0.8069166666666666,0.2426584165918362,1,False,-1,3.42,0.9819,Safe,0.025865588168179195,0.4669812824264417,8.3
AST-0009,Carbon Steel - Uncoated,Sour/Wet,610,9.83,1993,0.746,0.916,1.95,-1.034,0.02694,0.02394,0.889,64.64027777777778,2.2141047673122696,474.7027777777778,73.631188679453,15.851666666666668,4.21645518009077,2.923138888888889,0.0378509503770307,1,False,-1,9.47,0.9508,Safe,0.060999879286005254,0.3995279641643591,8.2
AST-0027,Carbon Steel - Uncoated,Sweet/Dry,273,13.35,2005,0.804,0.321,0.9,-0.579,0.00933,0.0085,0.911,46.285555555555554,6.412122645848006,309.7205555555556,51.42867026665988,27.740555555555552,3.681988550028324,1.8933888888888888,0.4405870938890372,2,False,-1,2.41,0.9916,Safe,0.009966881834463719,0.4887604119204764,8.1
AST-0063,Carbon Steel - Coated,Sweet/Dry,168,10.04,1983,0.228,0.143,0.36,-0.217,0.005,0.00294,0.589,65.56083333333335,2.175765710863978,420.5875,69.23932798118217,28.12805555555556,3.568160646162865,0.5244166666666666,0.0404491744574065,1,False,-1,1.57,0.991,Safe,0.07945687916679495,0.4047379046063176,8.0
AST-0012,Low Alloy Steel,Mixed,324,11.74,2004,0.671,1.007,0.9,0.107,0.02694,0.029,1.076,65.94666666666666,2.373857619993246,317.4847222222222,16.092149902734047,18.416388888888893,3.4557415187546137,1.0701666666666665,0.0387117553205741,0,False,-1,8.78,0.9594,Safe,0.113541377461962,0.3346179942077486,7.7
AST-0086,Carbon Steel - Uncoated,Mixed,508,10.58,1977,0.376,1.027,1.35,-0.323,0.02744,0.02961,1.079,40.200833333333335,2.250974868172201,674.9277777777777,14.824535090009425,39.22805555555555,3.783981893224909,2.865833333333333,0.0500773687122522,0,False,-1,9.98,0.9482,Safe,0.10053961852544815,0.3364890813543104,7.5
AST-0077,Carbon Steel - Uncoated,Sweet/Dry,406,13.07,2011,0.92,0.937,0.9,0.037,0.02828,0.02378,0.841,89.04055555555557,2.528837049988952,211.8727777777778,18.888208205289065,20.947777777777773,4.025072216644857,2.6843611111111114,0.0443558034713306,0,False,-1,7.35,0.96,Safe,0.05838486386223117,0.3957523724425421,7.5
AST-0144,Carbon Steel - Coated,Sweet/Dry,219,6.12,2005,0.051,0.265,0.36,-0.095,0.00883,0.00589,0.667,53.68861111111111,2.2951279488488874,383.1783333333333,16.692841151651983,51.18305555555556,3.6392548840540297,0.7810555555555555,0.0523504369988279,0,False,-1,4.49,0.9677,Safe,0.12342902542971414,0.3233292582149918,7.4
AST-0147,Carbon Steel - Uncoated,Mixed,324,8.98,2005,0.366,0.376,1.35,-0.974,0.01083,0.01006,0.928,64.82472222222222,2.85254721870132,714.8955555555555,103.32915142382744,39.32861111111112,3.847941306931189,1.8252777777777776,0.0438859633342801,1,False,-1,4.45,0.976,Safe,0.012795737844440143,0.4531637811225301,7.2
AST-0093,Carbon Steel - Uncoated,Sweet/Dry,610,13.52,2015,0.273,0.694,0.9,-0.206,0.01922,0.01933,1.006,65.97138888888891,2.2550884085017016,303.69499999999994,46.26661638188568,36.016666666666666,3.625598669776581,2.352444444444444,0.048461144638592,1,False,-1,5.42,0.9794,Safe,0.08169252241610347,0.3750266232573964,7.1
AST-0126,Carbon Steel - Uncoated,Sweet/Dry,168,11.89,1989,0.089,0.422,0.9,-0.478,0.01294,0.0105,0.811,82.15305555555555,2.504326335928567,298.6738888888889,47.595640453288695,56.532222222222224,3.4959405937344865,2.057388888888889,0.0554613264370653,1,False,-1,3.66,0.9748,Safe,0.08252720898743324,0.3674124042035307,7.0
AST-0006,Low Alloy Steel,Sour/Wet,324,10.42,2017,0.793,1.165,1.35,-0.185,0.03867,0.02606,0.674,81.03888888888889,2.838518504711093,743.693888888889,16.750972385894972,54.61138888888888,3.855039857327976,2.974416666666668,0.0429380783387958,0,False,-1,11.67,0.9237,Safe,0.07723669593646633,0.3349177942425317,7.0
AST-0145,Carbon Steel - Uncoated,Mixed,508,12.62,1997,0.533,0.289,1.35,-1.061,0.00928,0.00678,0.731,53.84888888888889,11.41650679067758,419.1858333333333,19.721623140241636,50.93611111111112,3.764392781827238,1.3498611111111112,0.6504066926723739,2,False,-1,2.34,0.9889,Safe,0.010775026084510027,0.4589647459408076,6.9
AST-0053,Carbon Steel - Coated,Sour/Wet,219,12.8,2014,0.688,0.842,0.78,0.062,0.02517,0.02161,0.859,67.96611111111112,2.531685240848505,327.8694444444444,15.893124469305125,18.980277777777776,3.4576271682934,1.613138888888889,0.0487870900826249,0,False,-1,6.9,0.9631,Safe,0.09121358008382954,0.3472451239089958,6.9
AST-0059,Carbon Steel - Uncoated,Sweet/Dry,168,12.7,2015,0.611,0.62,0.9,-0.28,0.01678,0.01767,1.053,62.46666666666667,6.4135272220963895,426.9752777777778,16.529971477999958,39.23972222222222,3.6258583110849054,2.043833333333333,0.3941266293972027,1,False,-1,5.2,0.9632,Safe,0.042793618903792276,0.4005723065369819,6.8
AST-0075,Carbon Steel - Uncoated,Sweet/Dry,406,10.93,2011,0.615,0.53,0.9,-0.37,0.01633,0.01311,0.803,55.29249999999999,8.15199760794862,585.1725000000001,15.083481101617672,58.125,3.775877948996007,0.6507499999999999,0.191133517281955,1,False,-1,4.99,0.9744,Safe,0.05411372843106849,0.393155366599845,6.7
AST-0040,Carbon Steel - Coated,Sweet/Dry,610,6.23,1981,0.872,0.259,0.36,-0.101,0.00694,0.00744,1.072,65.42805555555555,6.611582399501409,533.916388888889,16.22159004938045,48.69277777777778,3.7334714685329,1.8291666666666664,0.3651304659198642,1,False,-1,4.14,0.977,Safe,0.03921999238881519,0.4104945382798192,6.6
AST-0085,Carbon Steel - Uncoated,Mixed,219,11.09,2001,0.653,0.264,1.35,-1.086,0.00667,0.008,1.2,79.87611111111111,2.625575613382197,258.9230555555556,19.536419882501416,41.99361111111111,3.428551674876956,1.7745833333333334,0.0482543114283954,0,False,-1,2.52,0.9883,Safe,0.11472031435897942,0.3299258886212291,6.5
AST-0109,Carbon Steel - Uncoated,Sweet/Dry,324,8.54,1991,0.466,0.814,0.9,-0.086,0.02517,0.02006,0.797,51.33194444444445,2.4248685613209093,733.8883333333333,16.02244951845468,58.16972222222223,3.769273128951379,1.1136944444444443,0.0541119577196572,0,False,-1,9.84,0.9492,Safe,0.0810564311228039,0.3396976955738753,6.5
AST-0064,Carbon Steel - Coated,Mixed,219,11.96,1987,0.131,0.063,0.54,-0.477,0.00156,0.00194,1.25,43.2075,2.566764917723697,476.31444444444446,16.898589196302655,24.55555555555556,3.6113499212854254,2.9254166666666666,0.0416847865362344,0,False,-1,0.5,0.9972,Safe,0.08259446592282953,0.3727297099693239,6.5
AST-0118,Carbon Steel - Coated,Sweet/Dry,324,11.22,1992,0.147,0.262,0.36,-0.098,0.00828,0.00628,0.758,64.6086111111111,11.241231033953984,361.7291666666666,16.21234051579228,35.81138888888889,3.5787341359582747,1.575861111111111,0.2660659588230791,1,False,-1,2.42,0.9892,Safe,0.0359526299728909,0.4214637015190251,6.5
AST-0024,Low Alloy Steel,Mixed,273,9.67,1997,0.492,0.688,0.9,-0.212,0.01922,0.019,0.988,70.47083333333335,2.6231206878176887,515.5597222222221,17.543511863137997,35.549166666666665,3.704507968099716,2.278083333333333,0.0501536923580194,0,False,-1,7.33,0.949,Safe,0.02337598521591091,0.4007876610244311,6.3
AST-0062,Carbon Steel - Uncoated,Sour/Wet,508,7.0,1985,0.892,0.883,1.95,-1.067,0.0255,0.02356,0.924,69.40972222222221,2.2748720354731544,756.2349999999999,19.10161705944588,31.64277777777778,3.66084425166117,1.8512500000000005,0.0521801138913502,0,False,-1,12.9,0.9161,Safe,0.05739704750840659,0.3373470512835185,6.3
AST-0058,Carbon Steel - Coated,Sour/Wet,406,11.58,2014,0.334,0.349,0.78,-0.431,0.00978,0.00961,0.983,78.62500000000001,2.521685943966852,672.7652777777779,18.92650424082002,59.11305555555556,3.8691097679990167,2.0443611111111117,0.0435070784242734,0,False,-1,3.1,0.9865,Safe,0.05864478708733306,0.380550038347494,5.9
AST-0080,Carbon Steel - Coated,Sweet/Dry,610,6.73,2002,0.397,0.105,0.36,-0.255,0.00361,0.00222,0.615,75.07305555555554,2.0874260560993627,309.71722222222223,20.25081904673221,42.172777777777775,3.680980933789338,1.1363055555555552,0.0546567572319389,0,False,-1,1.58,0.992,Safe,0.07282214537515472,0.365683064946559,5.8
AST-0113,Carbon Steel - Uncoated,Sweet/Dry,508,7.8,2011,0.824,0.838,0.9,-0.062,0.02339,0.02317,0.99,70.98027777777776,2.9588110412423743,493.6486111111112,18.239199881069,21.076666666666668,3.726206803554674,3.054305555555556,0.0491893248839591,0,False,-1,11.0,0.9299,Safe,0.03930209294162857,0.3561684934875969,5.7
AST-0141,Carbon Steel - Uncoated,Mixed,508,7.38,1992,0.052,0.124,1.35,-1.226,0.00294,0.00394,1.34,77.06416666666667,2.454585650224028,731.2419444444445,15.00183166329926,21.08944444444444,3.674736098936276,2.313388888888889,0.0549442719113923,0,False,-1,2.09,0.9917,Safe,0.0926632119144552,0.3356083889978127,5.5
AST-0133,Carbon Steel - Coated,Sweet/Dry,610,12.7,2004,0.156,0.32,0.36,-0.04,0.008,0.00978,1.222,49.35055555555556,2.513027706565977,284.5636111111112,18.507377703079506,43.14361111111111,3.768074273439781,1.119444444444445,0.0643003863327405,0,True,26,2.54,0.9975,Safe,0.07088385843315828,0.3647861803256846,5.4
AST-0081,Carbon Steel - Coated,Sweet/Dry,508,7.47,1992,0.114,0.378,0.36,0.018,0.01022,0.01078,1.054,70.99055555555557,2.4236724725028864,732.031388888889,15.970405156821029,53.27305555555556,3.625215516308312,1.1169444444444443,0.053280896841682,0,False,-1,5.13,0.9747,Safe,0.08774186468099533,0.3229723706554152,5.2
AST-0031,Carbon Steel - Coated,Mixed,508,13.03,2014,0.928,0.253,0.54,-0.287,0.00778,0.00628,0.807,67.08944444444445,2.300353941020436,237.29527777777776,18.523975581640304,57.56361111111111,3.8582647119270574,2.77075,0.0389991758154671,0,False,-1,1.88,0.9931,Safe,0.09943731000630225,0.3215276268719003,5.1
AST-0136,Carbon Steel - Uncoated,Sweet/Dry,406,6.58,1988,0.713,0.874,0.9,-0.026,0.02456,0.024,0.977,66.19250000000001,2.896832136761022,201.7497222222222,57.17717763914007,37.95305555555555,3.86004945893143,1.0988611111111108,0.0426367733821925,3,False,-1,13.4,0.9066,Safe,0.03193916766135834,0.334765225707434,5.1
AST-0131,Carbon Steel - Uncoated,Sweet/Dry,508,12.4,2001,0.347,0.55,0.9,-0.35,0.01372,0.01683,1.227,73.36194444444442,2.387446716766015,613.371388888889,17.968857846329218,16.96722222222222,3.593186099996262,1.575472222222222,0.0381975961181636,0,False,-1,4.44,0.9737,Safe,0.06832487544842702,0.341218027405016,5.0
AST-0070,Carbon Steel - Uncoated,Sweet/Dry,168,8.17,1996,0.438,0.419,0.9,-0.481,0.01028,0.013,1.265,48.26805555555556,2.719070029513184,311.7683333333334,16.25748662704575,29.982222222222227,3.782953578591439,1.2403888888888892,0.0535986555150021,0,False,-1,5.08,0.9646,Safe,0.06307131651451159,0.3352388147717174,4.8
AST-0127,Carbon Steel - Uncoated,Sweet/Dry,508,13.09,1988,0.284,0.966,0.9,0.066,0.02828,0.02539,0.898,57.35138888888889,2.885671155186089,720.9094444444446,17.47953872298276,15.8025,3.65247029908722,2.8663055555555554,0.0472167158320891,0,False,-1,7.46,0.9571,Safe,0.061798369027712026,0.3221963564173373,4.4
AST-0122,Carbon Steel - Coated,Sweet/Dry,610,9.45,2002,0.461,0.329,0.36,-0.031,0.01156,0.00672,0.582,65.69916666666667,2.3084359268932344,411.4677777777778,17.41177485186572,40.49333333333333,3.766778843673048,2.227472222222223,0.0570756320839093,0,False,-1,3.48,0.9789,Safe,0.0691510693779481,0.3293628607985475,4.4
AST-0036,Carbon Steel - Uncoated,Sour/Wet,406,11.33,2011,0.154,0.933,1.95,-1.017,0.02772,0.02411,0.87,77.14944444444444,2.818385499784731,506.87472222222215,16.17594165704314,23.17,3.499141935634262,1.9106944444444445,0.0490567132114567,0,False,-1,8.4,0.9444,Safe,0.04636686623701302,0.326017213851823,4.2
AST-0034,Carbon Steel - Uncoated,Sweet/Dry,273,6.85,1998,0.404,0.861,0.9,-0.039,0.02661,0.02122,0.797,49.00388888888889,3.224444384277947,282.8466666666667,22.078656662034494,31.44944444444444,3.96989596441191,1.6165277777777778,0.055464524626679,0,False,-1,12.98,0.9105,Safe,0.023743823065050157,0.3237966084390686,4.1
AST-0076,Carbon Steel - Uncoated,Mixed,508,6.34,2011,0.423,0.612,1.35,-0.738,0.01694,0.01706,1.007,69.1222222222222,2.454863523830789,623.963888888889,15.47819042169203,26.26972222222222,3.71468628639744,1.2577222222222224,0.0580775890443667,0,False,-1,10.19,0.9577,Safe,0.01428811636343058,0.3688794248750623,4.0
AST-0001,Carbon Steel - Coated,Mixed,406,7.18,1996,0.504,0.129,0.54,-0.411,0.00433,0.00283,0.654,59.42166666666666,2.6839837129588875,253.56666666666663,16.48924792532567,18.596666666666664,4.01933825399157,2.496166666666667,0.0521478666869508,0,False,-1,1.77,0.9897,Safe,0.011539195240635661,0.3969923756899567,4.0
AST-0025,Carbon Steel - Coated,Sweet/Dry,406,9.54,1995,0.979,0.205,0.36,-0.155,0.00778,0.00361,0.464,58.12555555555556,2.6253385571545897,336.2663888888889,77.57793214025965,57.54555555555555,3.857088053696499,1.9926111111111109,0.051869218935857,2,False,-1,2.19,0.9857,Safe,0.05462620522531891,0.3407196661036837,3.9
AST-0138,Carbon Steel - Uncoated,Sweet/Dry,273,6.44,2000,0.337,0.511,0.9,-0.389,0.01594,0.01244,0.78,82.84722222222223,2.4918800832316035,309.32888888888897,15.531964235597275,50.47527777777778,3.9519127275724615,2.079388888888889,0.0603169143667856,0,False,-1,8.26,0.9437,Safe,0.014177105531147285,0.3495998568656194,3.6
AST-0128,Carbon Steel - Uncoated,Sour/Wet,168,13.37,1983,0.112,0.892,1.95,-1.058,0.02811,0.02144,0.763,73.51166666666667,2.553009988229581,690.6174999999998,16.807443312838686,27.532222222222224,3.8793777933441937,2.136055555555556,0.0571818874641984,0,False,-1,7.08,0.9621,Safe,0.03715229274733052,0.337160290030022,3.6
AST-0044,Carbon Steel - Uncoated,Mixed,324,7.59,1991,0.273,0.504,1.35,-0.846,0.017,0.011,0.647,51.591111111111104,2.7950719671570723,412.3683333333333,17.370393448952978,37.17444444444445,3.7111257009503142,1.203638888888889,0.0544007104878907,0,False,-1,6.92,0.9633,Safe,0.009089838165494368,0.3712520181608202,3.6
AST-0011,Carbon Steel - Uncoated,Sweet/Dry,508,13.89,2008,0.575,0.977,0.9,0.077,0.03117,0.02311,0.742,55.70222222222222,2.4906145094977337,316.0425,16.75928763828753,18.495555555555555,3.5115698113069804,1.8375833333333336,0.0454711054249996,0,False,-1,7.11,0.9637,Safe,0.04470555361751525,0.3273037779453401,3.5
AST-0026,Carbon Steel - Uncoated,Sweet/Dry,219,8.42,1982,0.441,0.4,0.9,-0.5,0.01111,0.01111,1.0,75.43027777777777,2.852140535618931,617.4683333333332,16.091954777820757,31.931944444444444,3.524418346697748,1.4148055555555556,0.0413672192127634,0,False,-1,4.9,0.9669,Safe,0.03001351707724546,0.3461875040579177,3.5
AST-0071,Carbon Steel - Uncoated,Sweet/Dry,610,11.68,1975,0.18,0.394,0.9,-0.506,0.01139,0.0105,0.922,77.51222222222223,2.661189971327125,326.2933333333333,15.621732115412623,24.908611111111117,3.613809349685317,1.370222222222222,0.0523352441264753,0,False,-1,3.39,0.9837,Safe,0.03746181105315178,0.3468244162612897,3.3
AST-0149,Carbon Steel - Uncoated,Sour/Wet,273,10.81,2009,0.792,1.097,1.95,-0.853,0.03417,0.02678,0.784,58.4825,2.6897396315841213,465.56527777777774,16.509505225105258,18.376944444444447,3.788168663800072,1.4988333333333332,0.044162362773229,0,False,-1,10.4,0.9363,Safe,0.02301004206736732,0.3269310818576557,3.3
AST-0143,Low Alloy Steel,Mixed,406,11.94,1982,0.87,0.995,0.9,0.095,0.02867,0.02661,0.928,65.14861111111111,2.6978024419651296,744.5519444444445,18.7468351339548,41.56527777777777,3.903478658186904,2.3506666666666667,0.0380293120030926,0,False,-1,8.59,0.9571,Safe,0.03753722617887203,0.3272056758167957,3.3
AST-0032,Low Alloy Steel,Mixed,273,8.27,2017,0.831,0.797,0.9,-0.103,0.024,0.02028,0.845,65.40444444444444,2.685963987041252,648.7238888888891,17.744706458591736,39.69722222222222,3.717946138940623,2.440777777777778,0.0449362158182406,0,False,-1,9.98,0.9444,Safe,0.030168796153014075,0.3242449033749465,3.2
AST-0065,Carbon Steel - Coated,Sour/Wet,406,11.04,1983,0.375,0.257,0.78,-0.523,0.01089,0.00339,0.311,40.090277777777786,2.365166845351339,627.0280555555556,14.999078032512438,44.899166666666666,3.711910847913396,2.1958888888888883,0.0470317690671667,0,False,-1,2.36,0.9853,Safe,0.041277399098318734,0.3387534394356338,3.1
AST-0082,Carbon Steel - Uncoated,Sweet/Dry,168,13.84,2003,0.242,0.858,0.9,-0.042,0.02372,0.02394,1.009,71.67722222222223,2.690442991788433,637.0369444444444,18.88026101808741,17.575277777777778,3.7553074716125714,1.0397499999999995,0.0468684328733103,0,False,-1,6.37,0.9612,Safe,0.021863649886551983,0.3404903889917455,3.0
AST-0007,Carbon Steel - Coated,Sweet/Dry,273,13.49,1994,0.873,0.469,0.36,0.109,0.01228,0.01378,1.122,62.10722222222221,2.714129811729836,347.6316666666667,18.746168446607204,23.998888888888885,3.711290709464664,2.0602777777777783,0.0563477017460649,0,False,-1,3.62,0.9782,Safe,0.04267704403636807,0.3278756716964276,2.9
AST-0042,Carbon Steel - Coated,Sweet/Dry,610,7.14,1994,0.811,0.5,0.36,0.14,0.01467,0.01311,0.894,51.78916666666667,2.8920100523437235,759.2044444444444,15.873150815934329,32.47055555555556,3.885761513485168,2.047944444444445,0.0468901113208589,0,False,-1,7.11,0.9698,Safe,0.02886315456710955,0.3351963471431912,2.8
AST-0100,Low Alloy Steel,Sweet/Dry,168,8.22,2011,0.334,0.389,0.6,-0.211,0.01333,0.00828,0.621,73.23027777777777,2.817688501602597,329.6633333333333,14.044120477979384,31.07333333333333,3.7932496433985015,2.1791666666666667,0.0528396496149299,0,False,-1,4.82,0.9672,Safe,0.014914355571144977,0.3426935280993975,2.5
AST-0041,Carbon Steel - Uncoated,Mixed,406,7.93,1996,0.752,0.488,1.35,-0.862,0.01322,0.01389,1.05,78.81861111111112,2.85751055768856,450.8716666666666,17.13454513965449,37.67277777777778,3.728227929199541,1.7437222222222222,0.0568399311908255,0,False,-1,6.44,0.9611,Safe,0.00804899446006037,0.340754734574531,2.2
AST-0078,Carbon Steel - Coated,Sour/Wet,168,11.68,2002,0.522,0.431,0.78,-0.349,0.01467,0.00928,0.633,61.88722222222222,2.69988741681798,671.2163888888889,16.346145050618908,17.165000000000003,3.755624734029898,2.598055555555556,0.0454299740224726,0,False,-1,3.88,0.9737,Safe,0.016543940042237623,0.3309763837737596,1.8
AST-0087,Carbon Steel - Coated,Sweet/Dry,273,7.16,2006,0.449,0.155,0.36,-0.205,0.00556,0.00306,0.55,56.13194444444444,2.706089238782412,546.9772222222223,15.89524162600892,18.53111111111112,3.955034244227965,2.570583333333333,0.0427593765823858,0,False,-1,2.04,0.9863,Safe,0.019293459055399545,0.3365336233779989,1.8
AST-0117,Carbon Steel - Coated,Sweet/Dry,324,11.18,1975,0.584,0.294,0.36,-0.066,0.01078,0.00556,0.515,77.61305555555553,2.5251068655682047,622.455,19.159122780395908,23.131944444444443,3.7627921391620456,1.3028055555555556,0.0501425507610591,0,False,-1,2.66,0.9841,Safe,0.01738924567933666,0.338787758238336,1.8
AST-0091,Carbon Steel - Uncoated,Mixed,610,11.6,2012,0.32,0.668,1.35,-0.682,0.02006,0.01706,0.85,65.42972222222222,2.492571232524028,725.8988888888889,15.981164409172932,26.09138888888889,3.793317547460667,2.529638888888889,0.055980176479984,0,False,-1,5.85,0.9812,Safe,0.02683323292109907,0.3219491272963172,1.7
AST-0130,Carbon Steel - Coated,Mixed,406,10.16,1976,0.54,0.225,0.54,-0.315,0.00856,0.00394,0.461,52.90416666666667,2.691482199192748,623.881388888889,14.820768661920292,38.70611111111111,3.5845001865394828,2.65125,0.0568674524034367,0,False,-1,2.26,0.9867,Safe,0.01408626544507409,0.3244538172243353,0.9
